coordinate_0,coordinate_1,coordinate_2,coordinate_3,coordinate_4,coordinate_5,coordinate_6,coordinate_7,coordinate_8,coordinate_9,coordinate_10,coordinate_11,coordinate_12,objective
-0.039205020848002814,-1.1173979301142745,-1.0727281440024308,-0.07023754452434035,0.19280109119527383,-0.03900767362065502,1.0024078749954026,0.9481532564783477,0.005321273637144693,-0.13578593781404982,-0.07050683457407145,3.4742110928070047,-1.7590821750070833,-3.1816008093021244
-0.08324804409311992,-1.1441520230191526,-1.118281869415294,-0.08428174894335984,0.16592401307204177,-0.0412071356998139,1.021702888075124,0.9848406539673575,0.013592934949560447,-0.144741647493845,-0.029645272990874705,3.2832471470001146,-1.929280374648545,-3.1958854106377963
-0.02400115209954301,-1.1332839214872288,-1.117852511069377,-0.08336039643283157,0.16714896742473317,-0.03658980494884481,1.0127112378639578,1.021572106491651,-0.002413764030887425,-0.16822441621044856,-0.048588152317975,3.4269242650508707,-2.0151911245685294,-3.1837833888796556
