coordinate_0,coordinate_1,coordinate_2,coordinate_3,coordinate_4,coordinate_5,coordinate_6,coordinate_7,coordinate_8,coordinate_9,coordinate_10,coordinate_11,objective
0.21522699323635852,-1.030011352884612,-1.029240654779459,-0.02025289546666167,0.15099643944669125,-0.06755687660802433,1.2204620692391164,1.219832223128983,-0.0851857041809062,-0.013465509140245958,-0.09498368060097946,1.2737233929260097,-3.5562356550901577
0.11853860803838123,-1.0718963126925911,-1.0993701675375556,-0.04322365706223388,0.12694398707315102,-0.08430533821311137,1.2011414238272013,1.168876107126505,-0.01510215994325144,0.008619464900261015,-0.05132773545073254,1.4349947563952776,-3.5821300142099646
0.11492632931171931,-1.10093634624775,-1.138559834834295,-0.0492741793339972,0.09994532958726052,-0.07378512052222021,1.1163235004179475,1.1342890520980395,-0.04925637394527732,0.029053724682078282,-0.062451117475133634,1.50123405976373,-3.556866984961358
