{
    "normal_t": {
        "well_separated": {
            "rho": -0.010560098133609414,
            "mu1_1": -3.993040811209354,
            "mu1_2": -3.995417387507476,
            "l11_1": 0.003374776008787847,
            "l21_1": 0.2921161408527016,
            "l22_1": -0.041518962564545764,
            "mu2_1": 3.999279797695263,
            "mu2_2": 4.001469633555412,
            "l11_2": 0.08636362952469731,
            "l21_2": 0.22744225799082046,
            "l22_2": 0.06373685018593071,
            "lambda": 1.0947013548354898
        },
        "moderate_overlap": {
            "rho": 0.016840397982054885,
            "mu1_1": -1.9862972087133097,
            "mu1_2": -1.9882877101004464,
            "l11_1": 0.0015423312198397327,
            "l21_1": 0.28276920284939294,
            "l22_1": -0.03938912833091139,
            "mu2_1": 2.0190784540965554,
            "mu2_2": 2.0211912083547334,
            "l11_2": 0.07251485099036525,
            "l21_2": 0.1794951886179525,
            "l22_2": 0.05846097376299785,
            "lambda": 1.2371215051774056
        },
        "strong_overlap": {
            "rho": 0.06017815424100529,
            "mu1_1": -1.4890949569176286,
            "mu1_2": -1.491892866723585,
            "l11_1": -0.010870263730936545,
            "l21_1": 0.2483652715096334,
            "l22_1": -0.04671338416143622,
            "mu2_1": 1.5541303059527642,
            "mu2_2": 1.5575196851279927,
            "l11_2": 0.0361491204360276,
            "l21_2": 0.1129934344708561,
            "l22_2": 0.02909434804072111,
            "lambda": 1.2105974167072546
        }
    },
    "normal_skewnormal": {
        "well_separated": {
            "rho": -0.011720134156134787,
            "mu1_1": -3.9941594750201297,
            "mu1_2": -3.9963333214295327,
            "l11_1": 0.002222192638967164,
            "l21_1": 0.2910976432913206,
            "l22_1": -0.042345626303339844,
            "xi2_1": 4.00233125687021,
            "xi2_2": 4.001001125457737,
            "l11_2": -0.0029751279455652127,
            "l21_2": -0.20172179641774413,
            "l22_2": -0.014049209164958129,
            "alpha1": 4.888420640597104,
            "alpha2": -2.9519863697358857
        },
        "moderate_overlap": {
            "rho": -0.012280154320520162,
            "mu1_1": -1.9952321407069673,
            "mu1_2": -1.9974049134979168,
            "l11_1": 0.000408279030344211,
            "l21_1": 0.288105637896428,
            "l22_1": -0.042646267225633964,
            "xi2_1": 2.001943383057366,
            "xi2_2": 2.0008739012000536,
            "l11_2": -0.002915387599008056,
            "l21_2": -0.2022100948862105,
            "l22_2": -0.015119958827609107,
            "alpha1": 4.891116480122583,
            "alpha2": -2.953533896362016
        },
        "strong_overlap": {
            "rho": -0.02172085394313314,
            "mu1_1": -1.509142518984804,
            "mu1_2": -1.5060937094841615,
            "l11_1": -0.017316304169321763,
            "l21_1": 0.2716273989506918,
            "l22_1": -0.04253642756850428,
            "xi2_1": 1.4954839672880231,
            "xi2_2": 1.4916112058183224,
            "l11_2": -0.0011047988266099371,
            "l21_2": -0.1995338039507532,
            "l22_2": -0.019155564874411408,
            "alpha1": 4.952983353868651,
            "alpha2": -2.9493809235189095
        }
    }
}